scenario,case,motion,algorithm,range_m,lateral_m,altitude_offset_m,intruder_speed_mps,hit,hit_t_s,near_hit,miss_distance_m,final_range_m,max_n_cmd_g,p95_n_cmd_g,max_actual_load_g,frames,detected_rate_pct,valid_rate_pct,detector_fps_mean,csv_path
matrix15,M01,straight/matrix,TTC,40.0,-10.0,30.0,5.0,True,11.17823839187622,False,1.6587247361762607,1.6587247361762607,2.039432425955857,0.7051323709624127,0.8354585435301266,83,100.0,98.79518072289157,9.792495083686157,/home/linux/Documents/PNG-px4-upward-camera/logs/yolo_sitl_ttc_vm/yolo_sitl_TTC_upward_yolo_matrix15_20260701_202024_M01_r40_h30.csv
matrix15,M02,straight/matrix,TTC,25.0,-10.0,30.0,5.0,True,10.245218515396118,True,1.4733134686519973,1.4733134686519973,2.0394324259558565,1.5829547541255706,0.8089901461136954,77,94.8051948051948,96.1038961038961,9.785783815234865,/home/linux/Documents/PNG-px4-upward-camera/logs/yolo_sitl_ttc_vm/yolo_sitl_TTC_upward_yolo_matrix15_20260701_202024_M02_r25_h30.csv
matrix15,M03,straight/matrix,TTC,55.0,-10.0,30.0,5.0,True,14.09130048751831,True,1.1583522568744682,1.1583522568744682,2.039432425955856,1.8072673255266551,0.8597911675117186,108,86.11111111111111,94.44444444444444,9.640221586940417,/home/linux/Documents/PNG-px4-upward-camera/logs/yolo_sitl_ttc_vm/yolo_sitl_TTC_upward_yolo_matrix15_20260701_202024_M03_r55_h30.csv
matrix15,M04,straight/matrix,TTC,40.0,0.0,30.0,5.0,True,11.925254583358765,True,1.3541233903266905,1.3541233903266905,2.0394324259558565,0.5599530524524706,0.8063969805953409,90,96.66666666666667,97.77777777777777,9.749060127070017,/home/linux/Documents/PNG-px4-upward-camera/logs/yolo_sitl_ttc_vm/yolo_sitl_TTC_upward_yolo_matrix15_20260701_202024_M04_r40_h30.csv
matrix15,M05,straight/matrix,TTC,40.0,-20.0,30.0,5.0,False,,False,1.7600483931656423,114.63328513875534,2.0394324259558565,0.5374055283848453,0.8728622491573338,279,27.956989247311828,27.240143369175627,9.175516755774805,/home/linux/Documents/PNG-px4-upward-camera/logs/yolo_sitl_ttc_vm/yolo_sitl_TTC_upward_yolo_matrix15_20260701_202024_M05_r40_h30.csv
matrix15,M06,straight/matrix,TTC,40.0,20.0,30.0,5.0,True,17.889381647109985,True,1.0518367784676554,1.0518367784676554,2.039432425955857,2.0394324259558565,1.003181595405141,136,88.23529411764706,91.17647058823529,9.269565515326281,/home/linux/Documents/PNG-px4-upward-camera/logs/yolo_sitl_ttc_vm/yolo_sitl_TTC_upward_yolo_matrix15_20260701_202024_M06_r40_h30.csv
matrix15,M07,straight/matrix,TTC,40.0,-10.0,20.0,5.0,True,14.106301069259644,True,1.2252183334627331,1.253817692799847,2.039432425955857,2.0394324259558565,0.9893196613873142,106,78.30188679245283,88.67924528301887,9.202657079608393,/home/linux/Documents/PNG-px4-upward-camera/logs/yolo_sitl_ttc_vm/yolo_sitl_TTC_upward_yolo_matrix15_20260701_202024_M07_r40_h20.csv
matrix15,M08,straight/matrix,TTC,40.0,-10.0,40.0,5.0,True,13.287283420562744,False,1.658568238096526,1.6638223678503148,2.039432425955857,1.6107589683311918,0.8504183042407855,98,97.95918367346938,98.9795918367347,8.26897603924586,/home/linux/Documents/PNG-px4-upward-camera/logs/yolo_sitl_ttc_vm/yolo_sitl_TTC_upward_yolo_matrix15_20260701_202024_M08_r40_h40.csv
matrix15,M09,straight/matrix,TTC,30.0,-10.0,30.0,3.0,True,12.489266395568848,False,1.5090094886073058,1.6220651047477477,2.0394324259558565,0.5085109217649496,0.7561163431655945,92,89.1304347826087,93.47826086956522,8.623971802694978,/home/linux/Documents/PNG-px4-upward-camera/logs/yolo_sitl_ttc_vm/yolo_sitl_TTC_upward_yolo_matrix15_20260701_202024_M09_r30_h30.csv
matrix15,M10,straight/matrix,TTC,30.0,-10.0,30.0,7.0,False,,False,1.9025329933662256,61.42091909939428,2.039432425955857,2.0155605666093956,1.1356295879355418,278,84.1726618705036,81.65467625899281,8.82174060397882,/home/linux/Documents/PNG-px4-upward-camera/logs/yolo_sitl_ttc_vm/yolo_sitl_TTC_upward_yolo_matrix15_20260701_202024_M10_r30_h30.csv
matrix15,M11,straight/matrix,TTC,50.0,-10.0,30.0,3.0,True,14.76631498336792,True,1.2762230870123314,1.2762230870123314,1.1659116007247423,0.40931499759981066,0.7601397651805032,113,94.69026548672566,97.34513274336283,9.353865695488636,/home/linux/Documents/PNG-px4-upward-camera/logs/yolo_sitl_ttc_vm/yolo_sitl_TTC_upward_yolo_matrix15_20260701_202024_M11_r50_h30.csv
matrix15,M12,straight/matrix,TTC,50.0,-10.0,30.0,7.0,True,12.555267810821531,False,1.724226366163817,1.935787881887028,1.283443790360986,0.685483672796993,0.6747185759954591,95,96.84210526315789,96.84210526315789,9.420941495465646,/home/linux/Documents/PNG-px4-upward-camera/logs/yolo_sitl_ttc_vm/yolo_sitl_TTC_upward_yolo_matrix15_20260701_202024_M12_r50_h30.csv
matrix15,M13,straight/matrix,TTC,45.0,-20.0,40.0,7.0,True,14.29230499267578,True,0.9450763733094638,0.9450763733094638,2.0394324259558565,0.9475712074571723,0.9795759913501912,109,95.41284403669725,98.1651376146789,9.692749572162757,/home/linux/Documents/PNG-px4-upward-camera/logs/yolo_sitl_ttc_vm/yolo_sitl_TTC_upward_yolo_matrix15_20260701_202024_M13_r45_h40.csv
matrix15,M14,straight/matrix,TTC,55.0,15.0,20.0,7.0,False,,False,58.42599688925681,498.8026139295272,2.0394324259558565,0.0,0.8272234335667311,281,3.5587188612099645,4.270462633451957,9.1218279670369,/home/linux/Documents/PNG-px4-upward-camera/logs/yolo_sitl_ttc_vm/yolo_sitl_TTC_upward_yolo_matrix15_20260701_202024_M14_r55_h20.csv
matrix15,M15,straight/matrix,TTC,25.0,20.0,40.0,3.0,True,15.096321821212769,True,1.1831010940610998,1.1831010940610998,2.0394324259558565,0.9321192946444059,0.7215643172112773,110,96.36363636363636,99.0909090909091,8.172438361469805,/home/linux/Documents/PNG-px4-upward-camera/logs/yolo_sitl_ttc_vm/yolo_sitl_TTC_upward_yolo_matrix15_20260701_202024_M15_r25_h40.csv
matrix15,M01,straight/matrix,VM,40.0,-10.0,30.0,5.0,True,10.707228422164915,False,1.8537448976761808,1.948007553744087,0.6757792101827887,0.5535848500017909,0.8057792222612457,81,96.29629629629629,98.76543209876543,9.795474325259125,/home/linux/Documents/PNG-px4-upward-camera/logs/yolo_sitl_ttc_vm/yolo_sitl_VM_upward_yolo_matrix15_20260701_202024_M01_r40_h30.csv
matrix15,M02,straight/matrix,VM,25.0,-10.0,30.0,5.0,False,,False,2.5045466830300134,3.5381922034344457,2.039432425955857,2.0394324259558565,1.1130803280003232,280,97.14285714285714,96.42857142857143,9.066669792271597,/home/linux/Documents/PNG-px4-upward-camera/logs/yolo_sitl_ttc_vm/yolo_sitl_VM_upward_yolo_matrix15_20260701_202024_M02_r25_h30.csv
matrix15,M03,straight/matrix,VM,55.0,-10.0,30.0,5.0,False,,False,6.717963520746759,86.87379434305592,1.2071669274495471,0.5364327255280753,0.8998094962881379,281,22.775800711743774,20.640569395017792,9.14031983064095,/home/linux/Documents/PNG-px4-upward-camera/logs/yolo_sitl_ttc_vm/yolo_sitl_VM_upward_yolo_matrix15_20260701_202024_M03_r55_h30.csv
matrix15,M04,straight/matrix,VM,40.0,0.0,30.0,5.0,False,,False,4.92062046811374,69.72373210180767,2.0394324259558565,0.6536394399627509,1.020720770222042,281,40.213523131672595,38.79003558718861,9.203227332845621,/home/linux/Documents/PNG-px4-upward-camera/logs/yolo_sitl_ttc_vm/yolo_sitl_VM_upward_yolo_matrix15_20260701_202024_M04_r40_h30.csv
matrix15,M05,straight/matrix,VM,40.0,-20.0,30.0,5.0,True,11.100236892700195,False,1.81812972222787,1.81812972222787,2.0394324259558565,1.9805319119553348,0.9550535503145008,82,90.2439024390244,90.2439024390244,8.769152936402396,/home/linux/Documents/PNG-px4-upward-camera/logs/yolo_sitl_ttc_vm/yolo_sitl_VM_upward_yolo_matrix15_20260701_202024_M05_r40_h30.csv
matrix15,M06,straight/matrix,VM,40.0,20.0,30.0,5.0,False,,False,4.053975398006417,79.59273979734456,2.0394324259558565,0.5109845065841266,1.0246704235951076,275,34.54545454545455,36.0,8.827600343989573,/home/linux/Documents/PNG-px4-upward-camera/logs/yolo_sitl_ttc_vm/yolo_sitl_VM_upward_yolo_matrix15_20260701_202024_M06_r40_h30.csv
matrix15,M07,straight/matrix,VM,40.0,-10.0,20.0,5.0,False,,False,2.996162974907516,101.53491982035004,2.0394324259558565,0.5635765471713657,0.7632446670429279,269,14.12639405204461,11.895910780669144,8.175018529899765,/home/linux/Documents/PNG-px4-upward-camera/logs/yolo_sitl_ttc_vm/yolo_sitl_VM_upward_yolo_matrix15_20260701_202024_M07_r40_h20.csv
matrix15,M08,straight/matrix,VM,40.0,-10.0,40.0,5.0,False,,False,1.5567316213619395,183.8797497828182,2.039432425955857,0.8604203871922249,0.9368750583752496,264,43.93939393939394,35.60606060606061,8.018336277865487,/home/linux/Documents/PNG-px4-upward-camera/logs/yolo_sitl_ttc_vm/yolo_sitl_VM_upward_yolo_matrix15_20260701_202024_M08_r40_h40.csv
matrix15,M09,straight/matrix,VM,30.0,-10.0,30.0,3.0,True,12.204260349273682,True,1.1965368756763957,1.1965368756763957,2.039432425955857,1.5725803924432673,0.7085736112071028,86,94.18604651162791,97.67441860465117,8.293234824879413,/home/linux/Documents/PNG-px4-upward-camera/logs/yolo_sitl_ttc_vm/yolo_sitl_VM_upward_yolo_matrix15_20260701_202024_M09_r30_h30.csv
matrix15,M10,straight/matrix,VM,30.0,-10.0,30.0,7.0,False,,False,2.9928464141069244,13.609635660747168,2.039432425955857,2.0394324259558565,1.1684464414036777,278,82.01438848920863,76.2589928057554,8.841915753569607,/home/linux/Documents/PNG-px4-upward-camera/logs/yolo_sitl_ttc_vm/yolo_sitl_VM_upward_yolo_matrix15_20260701_202024_M10_r30_h30.csv
matrix15,M11,straight/matrix,VM,50.0,-10.0,30.0,3.0,True,16.263346910476685,True,1.1874565849244447,1.1874565849244447,2.0394324259558565,1.4420435573151968,0.7954950907614913,125,88.8,92.8,9.548505445430417,/home/linux/Documents/PNG-px4-upward-camera/logs/yolo_sitl_ttc_vm/yolo_sitl_VM_upward_yolo_matrix15_20260701_202024_M11_r50_h30.csv
matrix15,M12,straight/matrix,VM,50.0,-10.0,30.0,7.0,False,,False,3.2980106855272164,64.37627996268047,2.039432425955857,1.9027968431272713,1.2202037470095453,277,54.151624548736464,54.51263537906137,8.664519999935957,/home/linux/Documents/PNG-px4-upward-camera/logs/yolo_sitl_ttc_vm/yolo_sitl_VM_upward_yolo_matrix15_20260701_202024_M12_r50_h30.csv
matrix15,M13,straight/matrix,VM,45.0,-20.0,40.0,7.0,False,,False,3.636930065030261,49.80316352078058,2.0394324259558565,2.0394324259558565,1.5053154405015434,280,60.714285714285715,59.642857142857146,9.106383992383481,/home/linux/Documents/PNG-px4-upward-camera/logs/yolo_sitl_ttc_vm/yolo_sitl_VM_upward_yolo_matrix15_20260701_202024_M13_r45_h40.csv
matrix15,M14,straight/matrix,VM,55.0,15.0,20.0,7.0,False,,False,9.417507633656705,47.66942164219514,2.0394324259558565,0.5406012092045394,1.2249711408025752,281,12.811387900355871,14.234875444839858,9.217119319482709,/home/linux/Documents/PNG-px4-upward-camera/logs/yolo_sitl_ttc_vm/yolo_sitl_VM_upward_yolo_matrix15_20260701_202024_M14_r55_h20.csv
matrix15,M15,straight/matrix,VM,25.0,20.0,40.0,3.0,True,15.198324203491213,True,1.2870048372548335,1.4124421111890793,2.039432425955857,0.6812799424772233,0.7335753544895558,111,96.3963963963964,98.1981981981982,8.272761719771268,/home/linux/Documents/PNG-px4-upward-camera/logs/yolo_sitl_ttc_vm/yolo_sitl_VM_upward_yolo_matrix15_20260701_202024_M15_r25_h40.csv
S-maneuver 30-50m,S30,sine_s,TTC,30.0,-10.0,30.0,5.0,True,19.401413917541504,False,1.5786132288908308,1.591273575919382,2.039432425955857,2.0183757746063336,1.0681862595862364,150,95.33333333333333,94.0,9.518427374584144,/home/linux/Documents/PNG-px4-upward-camera/logs/yolo_sitl_ttc_vm/yolo_sitl_TTC_upward_baseline_s_maneuver_30_50_20260701_231523_r30_h30.csv
S-maneuver 30-50m,S35,sine_s,TTC,35.0,-10.0,30.0,5.0,True,18.363391637802124,True,1.3033087035339823,1.3033087035339823,2.0394324259558565,2.039432425955856,1.041091051515207,139,81.29496402877697,83.45323741007195,8.92262188118381,/home/linux/Documents/PNG-px4-upward-camera/logs/yolo_sitl_ttc_vm/yolo_sitl_TTC_upward_baseline_s_maneuver_30_50_20260701_231523_r35_h30.csv
S-maneuver 30-50m,S40,sine_s,TTC,40.0,-10.0,30.0,5.0,False,,False,11.897531294516444,306.4911834491298,2.0394324259558565,0.5015969409218914,0.9176678713936068,279,21.50537634408602,23.29749103942652,8.990721132061672,/home/linux/Documents/PNG-px4-upward-camera/logs/yolo_sitl_ttc_vm/yolo_sitl_TTC_upward_baseline_s_maneuver_30_50_20260701_231523_r40_h30.csv
S-maneuver 30-50m,S45,sine_s,TTC,45.0,-10.0,30.0,5.0,False,,False,2.779237730816334,54.57402024218933,2.0394324259558565,1.9420028322548286,1.1090220186445805,269,60.22304832713755,54.27509293680298,8.55669023222208,/home/linux/Documents/PNG-px4-upward-camera/logs/yolo_sitl_ttc_vm/yolo_sitl_TTC_upward_baseline_s_maneuver_30_50_20260701_231523_r45_h30.csv
S-maneuver 30-50m,S50,sine_s,TTC,50.0,-10.0,30.0,5.0,False,,False,2.5381523656891,219.677770061228,2.0394324259558565,2.0156115506165695,0.9582839149557332,279,43.01075268817204,45.878136200716845,9.254799530918126,/home/linux/Documents/PNG-px4-upward-camera/logs/yolo_sitl_ttc_vm/yolo_sitl_TTC_upward_baseline_s_maneuver_30_50_20260701_231523_r50_h30.csv
S-maneuver 30-50m,S30,sine_s,VM,30.0,-10.0,30.0,5.0,False,,False,4.944827605797347,143.0736217867693,2.0394324259558565,1.082792950918276,0.8952865141903182,279,26.523297491039425,25.089605734767026,9.260451848298318,/home/linux/Documents/PNG-px4-upward-camera/logs/yolo_sitl_ttc_vm/yolo_sitl_VM_upward_baseline_s_maneuver_30_50_20260701_231523_r30_h30.csv
S-maneuver 30-50m,S35,sine_s,VM,35.0,-10.0,30.0,5.0,False,,False,5.6012272531579566,112.8729551183064,2.039432425955857,0.9735279651757325,0.9856706459938538,279,27.956989247311828,26.881720430107528,8.976692921047391,/home/linux/Documents/PNG-px4-upward-camera/logs/yolo_sitl_ttc_vm/yolo_sitl_VM_upward_baseline_s_maneuver_30_50_20260701_231523_r35_h30.csv
S-maneuver 30-50m,S40,sine_s,VM,40.0,-10.0,30.0,5.0,False,,False,3.929754725734124,119.61559424311568,2.0394324259558565,1.051780454195913,0.8332275500436876,278,29.496402877697843,26.97841726618705,9.121018164914842,/home/linux/Documents/PNG-px4-upward-camera/logs/yolo_sitl_ttc_vm/yolo_sitl_VM_upward_baseline_s_maneuver_30_50_20260701_231523_r40_h30.csv
S-maneuver 30-50m,S45,sine_s,VM,45.0,-10.0,30.0,5.0,False,,False,4.219214645076069,86.41935209617742,2.039432425955857,0.7208308120207036,0.9291197106205992,281,35.587188612099645,35.587188612099645,9.073880128764747,/home/linux/Documents/PNG-px4-upward-camera/logs/yolo_sitl_ttc_vm/yolo_sitl_VM_upward_baseline_s_maneuver_30_50_20260701_231523_r45_h30.csv
S-maneuver 30-50m,S50,sine_s,VM,50.0,-10.0,30.0,5.0,False,,False,3.007003385689006,99.2886119240218,1.7791883841672778,0.7000130413820175,0.8013844224856831,280,31.785714285714285,32.857142857142854,9.255881926831455,/home/linux/Documents/PNG-px4-upward-camera/logs/yolo_sitl_ttc_vm/yolo_sitl_VM_upward_baseline_s_maneuver_30_50_20260701_231523_r50_h30.csv
