相对首次算法指令时间_s,PNG期望俯仰角速度_deg_s,Betaflight设定俯仰角速度_deg_s,实际俯仰角速度_deg_s
0.000000,0.322809,0.000000,0.000000
0.002000,0.335922,0.000000,-1.000000
0.004000,0.349035,0.000000,-0.832013
0.006000,0.362148,0.000000,0.000000
0.008000,0.375261,0.000000,-0.664291
0.010000,0.388373,0.000000,0.000000
0.012000,0.401486,0.000000,-1.000000
0.014000,0.414599,0.000000,-0.826087
0.016000,0.427712,0.000000,1.000000
0.018000,0.440825,0.000000,0.254747
0.020000,0.453938,0.000000,0.661916
0.022000,0.473482,0.000000,0.000000
0.024000,0.493212,0.000000,0.505146
0.026000,0.512942,0.000000,0.911252
0.028000,0.532672,0.000000,0.673001
0.030000,0.552402,0.000000,0.743671
0.032000,0.572132,0.000000,-0.840603
0.034000,0.591862,0.000000,0.424386
0.036000,0.611592,0.000000,1.000000
0.038000,0.631322,0.000000,0.408551
0.040000,0.651052,0.000000,1.000000
0.042000,0.674487,0.000000,0.240285
0.044000,0.698123,0.000000,0.343106
0.046000,0.721759,0.000000,1.000000
0.048000,0.745395,0.000000,0.000000
0.050000,0.769031,0.000000,0.094220
0.052000,0.792667,0.000000,0.000000
0.054000,0.816303,0.000000,0.000000
0.056000,0.839939,0.000000,0.000000
0.058000,0.863575,0.000000,0.931692
0.060000,0.887211,0.000000,0.513064
0.062000,0.919440,0.000000,0.901264
0.064000,0.952433,0.000000,0.000000
0.066000,0.985425,0.000000,0.734387
0.068000,1.018418,0.000000,0.000000
0.070000,1.051410,0.000000,0.000000
0.072000,1.084402,0.015835,0.000000
0.074000,1.117395,1.000000,0.000000
0.076000,1.150387,1.000000,0.000000
0.078000,1.183379,1.000000,0.000000
0.080000,1.216372,1.000000,0.000000
0.082000,1.255781,1.000000,0.934335
0.084000,1.296000,1.000000,0.018211
0.086000,1.336220,1.000000,0.397781
0.088000,1.376439,1.000000,0.814727
0.090000,1.416658,1.000000,0.000000
0.092000,1.456877,1.000000,0.353407
0.094000,1.497096,1.000000,0.062549
0.096000,1.537315,1.000000,0.520982
0.098000,1.577534,1.000000,0.000000
0.100000,1.617753,1.000000,0.688044
0.102000,1.664653,1.000000,1.000000
0.104000,1.712673,1.000000,1.000000
0.106000,1.760693,1.000000,1.000000
0.108000,1.808713,1.000000,1.000000
0.110000,1.856733,1.000000,1.000000
0.112000,1.904753,1.000000,1.000000
0.114000,1.952773,1.000000,1.000000
0.116000,2.000793,1.000000,1.000000
0.118000,2.048813,1.000000,1.000000
0.120000,2.096834,1.000000,1.000000
0.122000,2.155264,1.000000,1.000000
0.124000,2.215880,1.000000,1.805864
0.126000,2.276496,1.000000,1.000000
0.128000,2.337112,1.000000,1.000000
0.130000,2.397728,1.000000,1.000000
0.132000,2.458344,1.000000,1.000000
0.134000,2.518960,1.112431,1.112431
0.136000,2.579576,2.000000,1.303487
0.138000,2.640192,2.000000,1.000000
0.140000,2.700808,2.000000,1.000000
0.142000,2.765001,2.000000,1.000000
0.144000,2.830116,2.000000,1.031671
0.146000,2.895231,2.000000,1.385771
0.148000,2.960346,2.000000,1.000000
0.150000,3.025461,2.000000,1.000000
0.152000,3.090576,2.000000,1.000000
0.154000,3.155692,2.000000,2.000000
0.156000,3.220807,2.000000,1.000000
0.158000,3.285922,2.000000,1.000000
0.160000,3.351037,2.000000,1.201268
0.162000,3.422277,2.000000,2.000000
0.164000,3.495388,2.000000,2.368963
0.166000,3.568498,2.000000,2.048259
0.168000,3.641609,2.000000,2.000000
0.170000,3.714720,2.000000,2.000000
0.172000,3.787830,2.000000,2.000000
0.174000,3.860941,2.287975,2.000000
0.176000,3.934052,3.000000,2.000000
0.178000,4.007163,3.000000,2.000000
0.180000,4.080273,3.000000,2.000000
0.182000,4.157852,3.000000,2.122336
0.184000,4.239072,3.000000,3.000000
0.186000,4.320292,3.000000,3.000000
0.188000,4.401512,3.000000,2.125891
0.190000,4.482732,3.000000,3.000000
0.192000,4.563951,3.000000,3.000000
0.194000,4.645171,3.000000,3.625495
0.196000,4.726391,3.000000,3.000000
0.198000,4.807611,3.000000,3.000000
0.200000,4.888831,3.000000,2.623613
0.202000,4.965160,3.000000,2.961173
0.204000,5.037011,3.000000,3.000000
0.206000,5.108862,3.000000,3.128165
0.208000,5.180713,3.000000,3.288431
0.210000,5.252564,3.000000,3.295886
0.212000,5.324415,3.000000,4.000000
0.214000,5.396266,3.962787,3.000000
0.216000,5.468117,4.000000,3.000000
0.218000,5.539968,4.000000,2.130745
0.220000,5.611819,4.000000,3.714399
0.222000,5.684815,4.000000,4.000000
0.224000,5.759000,4.000000,4.000000
0.226000,5.833185,4.000000,3.535178
0.228000,5.907370,4.000000,3.049089
0.230000,5.981555,4.000000,4.000000
0.232000,6.055740,4.000000,4.000000
0.234000,6.129926,4.801267,4.000000
0.236000,6.204111,5.000000,4.000000
0.238000,6.278296,5.000000,4.000000
0.240000,6.352481,5.000000,4.000000
0.242000,6.438373,5.000000,4.000000
0.244000,6.537708,5.000000,4.000000
0.246000,6.637042,5.000000,4.000000
0.248000,6.736377,5.000000,4.000000
0.250000,6.835712,5.000000,4.971474
0.252000,6.935046,5.000000,5.000000
0.254000,7.034381,5.000000,5.000000
0.256000,7.133715,5.000000,5.000000
0.258000,7.233050,5.000000,5.000000
0.260000,7.332384,5.000000,5.000000
0.262000,7.404646,5.000000,5.000000
0.264000,7.409650,5.000000,5.000000
0.266000,7.414654,5.000000,5.000000
0.268000,7.419658,6.000000,5.000000
0.270000,7.424661,6.000000,5.000000
0.272000,7.429665,6.000000,6.000000
0.274000,7.434669,6.000000,6.000000
0.276000,7.439673,6.000000,5.000000
0.278000,7.444677,6.643705,5.000000
0.280000,7.449681,7.000000,5.227848
0.282000,7.479610,7.000000,6.000000
0.284000,7.582169,7.000000,5.605222
0.286000,7.684728,7.000000,5.000000
0.288000,7.787287,7.000000,5.438443
0.290000,7.889847,7.000000,6.000000
0.292000,7.992406,7.000000,6.730008
0.294000,8.094965,7.000000,6.000000
0.296000,8.197524,7.000000,6.000000
0.298000,8.300083,7.000000,6.481394
0.300000,8.402643,7.000000,7.000000
0.302000,8.505730,7.000000,7.000000
0.304000,8.614613,7.000000,7.000000
0.306000,8.723497,7.000000,7.000000
0.308000,8.832380,7.000000,7.000000
0.310000,8.941263,7.000000,8.000000
0.312000,9.050147,7.000000,8.000000
0.314000,9.159030,7.000000,7.348101
0.316000,9.267913,7.000000,8.000000
0.318000,9.376797,7.000000,8.000000
0.320000,9.485680,7.000000,8.000000
0.322000,9.594530,7.000000,8.000000
0.324000,9.702710,7.000000,7.429477
0.326000,9.810890,7.000000,8.000000
0.328000,9.919069,7.000000,8.000000
0.330000,10.027249,7.000000,8.321994
0.332000,10.135428,7.000000,9.000000
0.334000,10.243608,7.000000,8.000000
0.336000,10.351787,7.000000,8.000000
0.338000,10.459967,7.000000,8.000000
0.340000,10.568146,7.000000,8.000000
0.342000,10.676326,7.000000,7.675911
0.344000,10.619980,7.907437,7.000000
0.346000,10.563469,8.000000,7.491297
0.348000,10.506958,8.076010,8.000000
0.350000,10.450447,9.000000,8.000000
0.352000,10.393936,9.000000,8.000000
0.354000,10.337425,9.000000,7.173397
0.356000,10.280914,9.000000,7.410135
0.358000,10.224403,9.000000,7.005547
0.360000,10.167892,9.000000,8.000000
0.362000,10.111381,9.000000,8.000000
0.364000,10.251733,9.000000,8.000000
0.366000,10.398174,9.000000,8.329375
0.368000,10.544615,9.000000,9.000000
0.370000,10.691055,9.000000,9.000000
0.372000,10.837496,9.080760,8.919240
0.374000,10.983937,10.000000,8.000000
0.376000,11.130377,10.000000,8.748811
0.378000,11.276818,10.000000,9.000000
0.380000,11.423258,10.000000,9.000000
0.382000,11.569699,10.000000,8.500396
0.384000,11.686988,10.000000,9.000000
0.386000,11.802382,10.000000,9.000000
0.388000,11.917777,11.000000,9.250990
0.390000,12.033171,11.000000,10.000000
0.392000,12.148566,11.000000,9.000000
0.394000,12.263961,11.000000,9.002375
0.396000,12.379355,11.000000,10.586371
0.398000,12.494750,11.000000,10.000000
0.400000,12.610144,11.000000,10.000000
0.402000,12.725539,11.000000,11.000000
0.404000,12.722073,11.000000,11.000000
0.406000,12.678774,10.000000,11.004751
0.408000,12.635476,10.000000,12.000000
0.410000,12.592178,10.000000,11.000000
0.412000,12.548879,10.000000,11.000000
0.414000,12.505581,10.000000,11.000000
0.416000,12.462283,10.000000,11.000000
0.418000,12.418985,10.000000,12.000000
0.420000,12.375686,10.000000,11.000000
0.422000,12.332388,10.000000,11.675376
0.424000,12.402268,10.000000,11.741093
0.426000,12.516600,10.842439,11.842439
0.428000,12.630931,11.425970,12.000000
0.430000,12.745263,12.000000,11.000000
0.432000,12.859595,12.000000,11.000000
0.434000,12.973926,12.000000,11.000000
0.436000,13.088258,12.000000,11.760697
0.438000,13.202590,12.000000,11.000000
0.440000,13.316921,12.000000,10.858274
0.442000,13.431253,12.000000,11.987332
0.444000,13.547873,12.000000,11.000000
0.446000,13.665526,12.179731,12.640538
0.448000,13.783180,13.000000,10.236133
0.450000,13.900833,13.000000,11.346793
0.452000,14.018486,13.000000,11.068938
0.454000,14.136139,13.000000,11.515439
0.456000,14.253792,13.000000,12.900316
0.458000,14.371446,13.000000,12.000000
0.460000,14.489099,13.000000,12.000000
0.462000,14.606752,13.000000,12.850356
0.464000,14.529843,13.000000,13.000000
0.466000,14.351133,13.000000,12.018211
0.468000,14.172423,13.000000,13.000000
0.470000,13.993713,13.000000,13.000000
0.472000,13.815002,13.000000,13.000000
0.474000,13.636292,13.000000,13.000000
0.476000,13.457582,13.000000,13.000000
0.478000,13.278872,13.000000,13.000000
0.480000,13.100162,13.000000,13.604117
0.482000,12.921452,13.000000,13.000000
0.484000,12.957837,13.000000,13.000000
0.486000,13.122181,13.000000,13.644497
0.488000,13.286525,13.000000,13.000000
0.490000,13.450869,13.000000,13.000000
0.492000,13.615213,13.106888,13.000000
0.494000,13.779557,14.000000,13.000000
0.496000,13.943901,15.000000,12.726049
0.498000,14.108245,15.000000,13.714964
0.500000,14.272590,15.000000,13.558195
0.502000,14.436934,15.000000,13.000000
0.504000,14.340837,15.000000,14.000000
0.506000,14.071837,15.000000,13.306962
0.508000,13.802836,15.000000,13.723455
0.510000,13.533835,15.000000,13.860649
0.512000,13.264834,15.000000,14.555468
0.514000,12.995833,15.000000,13.027712
0.516000,12.726832,14.387787,14.612213
0.518000,12.457832,13.804589,14.000000
0.520000,12.188831,13.000000,14.778922
0.522000,11.919830,13.000000,14.273159
0.524000,11.859217,13.000000,14.893903
0.526000,11.961344,13.000000,14.939034
0.528000,12.063471,13.000000,14.114715
0.530000,12.165598,13.000000,15.697546
0.532000,12.267725,13.000000,14.717340
0.534000,12.369851,13.000000,14.866192
0.536000,12.471978,13.000000,14.050633
0.538000,12.574105,13.000000,15.000000
0.540000,12.676232,13.000000,14.000000
0.542000,12.778359,13.000000,14.000000
0.544000,12.877654,13.000000,14.000000
0.546000,12.974474,13.868463,14.000000
0.548000,13.071294,14.452456,13.000000
0.550000,13.168114,15.000000,14.000000
0.552000,13.264933,15.000000,13.380048
0.554000,13.361753,15.000000,12.000000
0.556000,13.458573,15.000000,12.000000
0.558000,13.555393,15.000000,13.000000
0.560000,13.652213,15.000000,13.000000
0.562000,13.749032,15.000000,12.462451
0.564000,13.889679,14.877276,13.000000
0.566000,14.073456,13.293745,13.000000
0.568000,14.257233,12.000000,13.789223
0.570000,14.441011,12.000000,13.626582
0.572000,14.624788,12.000000,13.000000
0.574000,14.808565,12.000000,13.000000
0.576000,14.992342,12.000000,13.125000
0.578000,15.176120,12.000000,14.000000
0.580000,15.359897,12.000000,13.000000
0.582000,15.543674,12.000000,13.000000
0.584000,15.427651,12.000000,12.460808
0.586000,14.978269,12.043616,13.043616
0.588000,14.528887,13.000000,13.371835
0.590000,14.079506,13.000000,11.788431
0.592000,13.630124,13.000000,11.000000
0.594000,13.180743,13.000000,12.000000
0.596000,12.731361,13.000000,12.963579
0.598000,12.281979,13.000000,11.452815
0.600000,11.832598,13.000000,11.000000
0.602000,11.383216,13.000000,11.786223
0.604000,11.005906,13.000000,11.000000
0.606000,11.164722,13.381631,11.000000
0.608000,11.323538,14.000000,11.000000
0.610000,11.482354,14.000000,11.548694
0.612000,11.641170,14.000000,11.133017
0.614000,11.799986,14.000000,11.283452
0.616000,11.958802,14.000000,11.300317
0.618000,12.117618,14.000000,12.000000
0.620000,12.276435,14.000000,12.000000
0.622000,12.435251,14.000000,12.000000
0.624000,12.588100,14.000000,12.000000
0.626000,12.679108,15.000000,12.218700
0.628000,12.770117,15.000000,13.000000
0.630000,12.861125,16.000000,13.000000
0.632000,12.952134,16.000000,13.529691
0.634000,13.043142,16.000000,13.944664
0.636000,13.134151,16.000000,13.000000
0.638000,13.225159,16.000000,14.000000
0.640000,13.316168,16.000000,14.000000
0.642000,13.407176,16.000000,14.000000
0.644000,13.498138,15.026920,14.973080
0.646000,13.588358,12.885375,14.000000
0.648000,13.678577,11.000000,15.280730
0.650000,13.768797,11.000000,16.275316
0.652000,13.859017,11.000000,16.000000
0.654000,13.949237,11.000000,15.108386
0.656000,14.039456,11.000000,15.000000
0.658000,14.129676,11.000000,15.000000
0.660000,14.219896,11.000000,15.000000
0.662000,14.310116,11.000000,14.773376
0.664000,14.380701,11.000000,14.000000
0.666000,13.685527,11.894612,13.105388
0.668000,12.990354,12.000000,13.000000
0.670000,12.295181,12.061758,13.000000
0.672000,11.600008,13.000000,12.354711
0.674000,10.904834,13.000000,12.000000
0.676000,10.209661,13.000000,11.186212
0.678000,9.514488,13.000000,11.396838
0.680000,8.819314,13.000000,12.000000
0.682000,8.124141,13.000000,11.000000
0.684000,7.428968,13.000000,10.148177
0.686000,7.503121,13.000000,11.000000
0.688000,7.581140,13.000000,10.000000
0.690000,7.659160,13.000000,10.000000
0.692000,7.737179,13.483769,11.000000
0.694000,7.815198,14.000000,11.067194
0.696000,7.893217,14.000000,11.849326
0.698000,7.971237,14.000000,11.000000
0.700000,8.049256,14.000000,11.318542
0.702000,8.127275,14.000000,11.097387
0.704000,8.205294,14.000000,12.485352
0.706000,7.864641,14.000000,12.000000
0.708000,7.509924,14.000000,12.000000
0.710000,7.155206,14.000000,12.761867
0.712000,6.800489,14.000000,12.000000
0.714000,6.445771,14.000000,13.404272
0.716000,6.091054,14.000000,14.000000
0.718000,5.736337,14.000000,15.000000
0.720000,5.381619,14.000000,14.000000
0.722000,5.026902,14.000000,13.259494
0.724000,4.672184,14.000000,14.000000
0.726000,4.656972,14.000000,15.814873
0.728000,4.667904,14.000000,16.000000
0.730000,4.678836,14.000000,15.000000
0.732000,4.689768,13.683043,15.000000
0.734000,4.700700,10.514648,14.257324
0.736000,4.711632,9.000000,15.000000
0.738000,4.722564,8.089470,15.910530
0.740000,4.733496,8.000000,15.493671
0.742000,4.744428,8.000000,15.922407
0.744000,4.755360,8.000000,14.338352
0.746000,4.817073,8.000000,13.245059
0.748000,4.884554,8.000000,13.171293
0.750000,4.952034,8.000000,13.176285
0.752000,5.019515,8.000000,11.003965
0.754000,5.086996,6.419636,10.419636
0.756000,5.154477,5.000000,10.671949
0.758000,5.221958,5.000000,9.748219
0.760000,5.289438,4.338608,8.000000
0.762000,5.356919,4.000000,8.583531
0.764000,5.424400,4.000000,8.000000
0.766000,5.491493,4.000000,5.416469
0.768000,5.558417,4.000000,4.000000
0.770000,5.625342,4.000000,4.000000
0.772000,5.692266,4.000000,4.000000
0.774000,5.759191,4.000000,2.161648
0.776000,5.826115,4.000000,0.498017
0.778000,5.893040,4.000000,0.086234
0.780000,5.959964,4.000000,1.669572
0.782000,6.026889,4.000000,1.746835
0.784000,6.093813,4.837431,1.000000
0.786000,6.162167,5.000000,-1.000000
0.788000,6.231232,5.000000,0.005542
0.790000,6.300297,5.000000,0.411858
0.792000,6.369362,5.000000,-1.000000
0.794000,6.438427,5.000000,0.000000
0.796000,6.507492,5.000000,0.000000
0.798000,6.576556,5.000000,1.000000
0.800000,6.645621,5.000000,1.992874
0.802000,6.714686,5.000000,1.591125
0.804000,6.783751,5.000000,2.174326
0.806000,6.392835,5.000000,3.000000
0.808000,5.740362,5.000000,2.000000
0.810000,5.087888,5.000000,2.000000
0.812000,4.435415,5.000000,1.490895
0.814000,3.782941,5.000000,2.092637
0.816000,3.130468,5.000000,3.000000
0.818000,2.477994,5.000000,2.261076
0.820000,1.825521,5.000000,3.844691
0.822000,1.173048,5.000000,4.428006
0.824000,0.520574,5.000000,6.000000
0.826000,-0.086816,6.000000,5.000000
0.828000,-0.665016,6.000000,5.679589
0.830000,-1.243216,6.000000,6.263658
0.832000,-1.821416,6.000000,7.000000
0.834000,-2.399616,6.000000,7.000000
0.836000,-2.977817,6.000000,6.000000
0.838000,-3.556017,6.000000,6.000000
0.840000,-4.134217,6.000000,7.000000
0.842000,-4.712417,6.000000,6.232964
0.844000,-5.290617,6.000000,6.000000
0.846000,-5.842641,6.934283,6.000000
0.848000,-6.374675,7.000000,6.000000
0.850000,-6.906708,7.000000,6.795886
0.852000,-7.438742,7.000000,5.000000
0.854000,-7.970775,7.000000,5.000000
0.856000,-8.502809,7.000000,5.852615
0.858000,-9.034842,7.000000,6.000000
0.860000,-9.566876,7.000000,6.000000
0.862000,-10.098910,7.000000,6.103721
0.864000,-10.630943,6.312203,7.000000
0.866000,-11.208868,4.457278,8.000000
0.868000,-11.861667,3.000000,8.000000
0.870000,-12.514467,2.000000,8.000000
0.872000,-13.167266,2.000000,8.022187
0.874000,-13.820066,2.000000,8.393508
0.876000,-14.472865,2.000000,7.809976
0.878000,-15.125665,2.000000,6.226445
0.880000,-15.778464,2.000000,5.000000
0.882000,-16.431263,2.000000,5.000000
0.884000,-17.084063,1.474643,4.000000
0.886000,-17.490909,-0.217116,2.891442
0.888000,-17.439979,-2.000000,2.692795
0.890000,-17.389049,-2.776545,3.000000
0.892000,-17.338120,-3.000000,3.000000
0.894000,-17.287190,-3.000000,2.056260
0.896000,-17.236260,-3.000000,0.472641
0.898000,-17.185330,-3.000000,0.000000
0.900000,-17.134400,-3.000000,-0.694862
0.902000,-17.083470,-3.000000,-2.278702
0.904000,-17.032541,-3.000000,-3.862233
0.906000,-16.981502,-5.446203,-4.000000
0.908000,-16.930208,-7.030087,-4.000000
0.910000,-16.878913,-8.000000,-4.614592
0.912000,-16.827618,-8.000000,-6.000000
0.914000,-16.776323,-8.000000,-6.000000
0.916000,-16.725029,-8.000000,-7.000000
0.918000,-16.673734,-8.000000,-7.000000
0.920000,-16.622439,-8.000000,-9.065717
0.922000,-16.571144,-8.000000,-10.616785
0.924000,-16.519849,-8.200317,-10.799683
0.926000,-16.560575,-10.567696,-10.000000
0.928000,-16.853282,-12.368171,-12.000000
0.930000,-17.145988,-13.000000,-12.000000
0.932000,-17.438695,-13.000000,-11.463975
0.934000,-17.731402,-13.000000,-11.000000
0.936000,-18.024109,-13.000000,-11.703088
0.938000,-18.316815,-13.000000,-13.000000
0.940000,-18.609522,-13.000000,-13.870150
0.942000,-18.902229,-13.000000,-15.000000
0.944000,-19.194935,-13.038035,-16.038035
0.946000,-19.542446,-15.244656,-17.622328
0.948000,-20.066883,-16.205859,-19.000000
0.950000,-20.591319,-17.000000,-19.000000
0.952000,-21.115756,-17.000000,-19.372922
0.954000,-21.640192,-17.000000,-19.542789
0.956000,-22.164629,-17.000000,-19.000000
0.958000,-22.689065,-17.000000,-18.374603
0.960000,-23.213502,-17.000000,-18.208861
0.962000,-23.737939,-17.000000,-19.793021
0.964000,-24.262375,-17.000000,-19.376582
0.966000,-24.677498,-17.000000,-20.000000
0.968000,-24.675120,-17.000000,-21.000000
0.970000,-24.672742,-17.000000,-21.127373
0.972000,-24.670364,-17.000000,-21.290909
0.974000,-24.667987,-17.000000,-20.000000
0.976000,-24.665609,-17.000000,-20.878956
0.978000,-24.663231,-17.000000,-20.000000
0.980000,-24.660854,-17.000000,-19.000000
0.982000,-24.658476,-17.000000,-19.000000
0.984000,-24.656098,-17.000000,-19.000000
0.986000,-24.630375,-18.000000,-19.000000
0.988000,-24.493439,-18.881047,-19.881047
0.990000,-24.356503,-19.000000,-19.000000
0.992000,-24.219567,-19.000000,-18.950911
0.994000,-24.082631,-19.000000,-18.000000
0.996000,-23.945695,-19.000000,-18.216152
0.998000,-23.808759,-19.000000,-18.200317
1.000000,-23.671823,-19.000000,-17.000000
1.002000,-23.534887,-19.000000,-17.967512
1.004000,-23.397951,-19.551069,-18.000000
1.006000,-23.376948,-22.135285,-19.000000
1.008000,-24.047911,-23.718700,-19.000000
1.010000,-24.718874,-25.000000,-19.301663
1.012000,-25.389837,-25.000000,-20.000000
1.014000,-26.060800,-25.000000,-20.000000
1.016000,-26.731762,-25.000000,-21.000000
1.018000,-27.402725,-25.000000,-21.000000
1.020000,-28.073688,-25.000000,-21.721870
1.022000,-28.744651,-25.000000,-23.305313
1.024000,-29.415614,-25.000000,-24.000000
1.026000,-30.009937,-25.000000,-25.473059
1.028000,-30.008621,-25.000000,-27.000000
1.030000,-30.007305,-25.000000,-27.640761
1.032000,-30.005989,-25.000000,-28.775316
1.034000,-30.004672,-25.000000,-28.000000
1.036000,-30.003356,-25.000000,-29.000000
1.038000,-30.002040,-25.000000,-28.023772
1.040000,-30.000724,-25.000000,-29.000000
1.042000,-29.999408,-25.000000,-28.000000
1.044000,-29.998092,-25.000000,-28.000000
1.046000,-29.973662,-25.000000,-29.000000
1.048000,-29.693867,-25.000000,-29.000000
1.050000,-29.414073,-24.000000,-28.000000
1.052000,-29.134278,-24.000000,-27.438193
1.054000,-28.854484,-23.000000,-26.854315
1.056000,-28.574689,-23.000000,-26.729216
1.058000,-28.294894,-23.000000,-25.372922
1.060000,-28.015100,-23.000000,-24.000000
1.062000,-27.735305,-23.000000,-25.000000
1.064000,-27.455510,-24.064133,-25.000000
1.066000,-27.225570,-26.295329,-25.647664
1.068000,-27.895371,-28.231562,-25.231562
1.070000,-28.565173,-29.000000,-26.000000
1.072000,-29.234974,-29.000000,-26.000000
1.074000,-29.904776,-29.000000,-26.000000
1.076000,-30.574577,-29.000000,-26.000000
1.078000,-31.244379,-29.000000,-26.000000
1.080000,-31.914180,-29.000000,-26.000000
1.082000,-32.583982,-29.000000,-27.000000
1.084000,-33.253783,-29.000000,-27.000000
1.086000,-33.909984,-29.985759,-27.000000
1.088000,-33.932126,-30.000000,-28.000000
1.090000,-33.954269,-30.000000,-29.000000
1.092000,-33.976411,-30.000000,-29.000000
1.094000,-33.998554,-30.000000,-29.320919
1.096000,-34.020696,-30.000000,-30.905705
1.098000,-34.042839,-30.000000,-31.000000
1.100000,-34.064981,-30.000000,-30.926424
1.102000,-34.087124,-30.000000,-30.656894
1.104000,-34.109266,-29.759494,-31.240506
1.106000,-34.131408,-28.175258,-31.175258
1.108000,-33.625430,-27.591772,-31.408228
1.110000,-33.015092,-27.000000,-32.000000
1.112000,-32.404754,-27.000000,-32.000000
1.114000,-31.794416,-27.000000,-32.000000
1.116000,-31.184078,-27.000000,-32.000000
1.118000,-30.573741,-27.000000,-31.173397
1.120000,-29.963403,-27.000000,-30.589540
1.122000,-29.353065,-27.000000,-30.000000
1.124000,-28.742727,-27.577989,-30.577989
1.126000,-28.132389,-30.322785,-30.000000
1.128000,-28.036766,-32.000000,-30.000000
1.130000,-28.066620,-33.000000,-30.000000
1.132000,-28.096474,-33.000000,-30.000000
1.134000,-28.126328,-33.000000,-30.000000
1.136000,-28.156182,-33.000000,-30.000000
1.138000,-28.186036,-33.000000,-30.000000
1.140000,-28.215890,-33.000000,-30.000000
1.142000,-28.245744,-33.000000,-30.000000
1.144000,-28.275598,-33.000000,-30.000000
1.146000,-28.305452,-33.999208,-31.000000
1.148000,-28.333808,-34.000000,-31.000000
1.150000,-28.361724,-34.000000,-31.667194
1.152000,-28.389641,-34.000000,-32.000000
1.154000,-28.417558,-34.000000,-32.000000
1.156000,-28.445475,-34.000000,-33.000000
1.158000,-28.473391,-34.000000,-33.001586
1.160000,-28.501308,-34.000000,-34.000000
1.162000,-28.529225,-34.000000,-34.000000
1.164000,-28.557142,-34.000000,-34.000000
1.166000,-28.585058,-34.000000,-34.662441
1.168000,-28.024279,-34.000000,-34.921615
1.170000,-27.261469,-34.000000,-35.000000
1.172000,-26.498659,-33.821203,-35.000000
1.174000,-25.735850,-31.327258,-35.000000
1.176000,-24.973040,-29.000000,-35.256532
1.178000,-24.210230,-28.159271,-35.159271
1.180000,-23.447420,-28.000000,-35.000000
1.182000,-22.684610,-28.000000,-35.492478
1.184000,-21.921800,-28.000000,-35.000000
1.186000,-21.158990,-28.000000,-35.000000
1.188000,-21.331847,-28.000000,-34.000000
1.190000,-21.881333,-28.000000,-34.000000
1.192000,-22.430819,-28.000000,-33.000000
1.194000,-22.980305,-28.000000,-32.000000
1.196000,-23.529791,-28.000000,-31.406176
1.198000,-24.079277,-28.000000,-30.822785
1.200000,-24.628763,-28.000000,-29.238699
1.202000,-25.178249,-28.000000,-28.000000
1.204000,-25.727735,-28.000000,-27.071259
1.206000,-26.277221,-28.000000,-27.512272
1.208000,-26.490977,-29.000000,-27.096595
1.210000,-26.547830,-29.000000,-28.000000
1.212000,-26.604683,-29.000000,-27.235341
1.214000,-26.661536,-29.000000,-27.347585
1.216000,-26.718388,-29.000000,-28.000000
1.218000,-26.775241,-29.000000,-27.484992
1.220000,-26.832094,-29.000000,-27.900316
1.222000,-26.888947,-29.000000,-27.000000
1.224000,-26.945800,-27.732383,-27.000000
1.226000,-27.002653,-25.299051,-27.000000
1.228000,-26.082966,-23.565321,-27.000000
1.230000,-24.645497,-23.000000,-27.000000
1.232000,-23.208028,-23.000000,-27.000000
1.234000,-21.770559,-23.000000,-27.000000
1.236000,-20.333090,-23.000000,-27.000000
1.238000,-18.895620,-23.000000,-26.000000
1.240000,-17.458151,-23.000000,-26.000000
1.242000,-16.020682,-23.000000,-24.478985
1.244000,-14.583213,-23.604117,-24.000000
1.246000,-13.145744,-25.188291,-23.000000
1.248000,-12.891640,-26.000000,-22.228820
1.250000,-13.352109,-27.000000,-21.000000
1.252000,-13.812578,-27.000000,-21.939034
1.254000,-14.273047,-27.000000,-23.000000
1.256000,-14.733516,-27.000000,-22.000000
1.258000,-15.193986,-27.000000,-22.690967
1.260000,-15.654455,-27.000000,-24.000000
1.262000,-16.114924,-27.000000,-24.000000
1.264000,-16.575393,-27.000000,-24.000000
1.266000,-17.035862,-27.000000,-24.025357
1.268000,-17.254156,-27.000000,-25.000000
1.270000,-17.306579,-27.000000,-25.000000
1.272000,-17.359002,-26.223278,-25.776722
1.274000,-17.411425,-24.280063,-26.359968
1.276000,-17.463848,-22.555115,-27.000000
1.278000,-17.516272,-22.000000,-27.000000
1.280000,-17.568695,-22.000000,-27.000000
1.282000,-17.621118,-22.000000,-27.000000
1.284000,-17.673541,-22.000000,-27.000000
1.286000,-17.725964,-22.000000,-26.636364
1.288000,-17.777579,-22.000000,-26.000000
1.290000,-17.828191,-22.000000,-25.468775
1.292000,-17.878804,-22.000000,-24.884402
1.294000,-17.929417,-22.000000,-24.000000
1.296000,-17.980030,-22.000000,-22.717116
1.298000,-18.030642,-22.000000,-22.000000
1.300000,-18.081255,-22.000000,-21.000000
1.302000,-18.131868,-22.000000,-20.000000
1.304000,-18.182480,-21.381631,-20.000000
1.306000,-18.233093,-18.798732,-19.798732
1.308000,-18.113796,-18.000000,-19.715531
1.310000,-17.755972,-18.000000,-19.000000
1.312000,-17.398147,-17.000000,-19.000000
1.314000,-17.040323,-17.000000,-18.963579
1.316000,-16.682499,-17.000000,-18.000000
1.318000,-16.324674,-17.000000,-17.000000
1.320000,-15.966850,-17.000000,-17.000000
1.322000,-15.609026,-17.000000,-17.000000
1.324000,-15.251201,-17.000000,-17.000000
1.326000,-14.893377,-18.000000,-16.461173
1.328000,-14.698600,-18.000000,-15.122724
1.330000,-14.763177,-18.000000,-16.000000
1.332000,-14.827754,-18.000000,-16.000000
1.334000,-14.892331,-18.000000,-15.125990
1.336000,-14.956909,-18.000000,-15.542359
1.338000,-15.021486,-18.000000,-15.000000
1.340000,-15.086063,-18.000000,-15.000000
1.342000,-15.150640,-18.000000,-15.000000
1.344000,-15.215218,-18.000000,-15.000000
1.346000,-15.279795,-18.000000,-15.000000
1.348000,-15.343843,-18.000000,-15.460380
1.350000,-15.406936,-18.000000,-15.954941
1.352000,-15.470030,-18.000000,-15.000000
1.354000,-15.533124,-18.000000,-16.000000
1.356000,-15.596218,-18.000000,-16.000000
1.358000,-15.659312,-18.000000,-16.379747
1.360000,-15.722406,-18.000000,-17.000000
1.362000,-15.785500,-18.000000,-17.000000
1.364000,-15.848594,-18.000000,-18.000000
1.366000,-15.911688,-18.000000,-18.714399
1.368000,-16.023770,-18.000000,-19.000000
1.370000,-16.237136,-18.000000,-19.000000
1.372000,-16.450502,-18.000000,-19.000000
1.374000,-16.663869,-16.450872,-19.000000
1.376000,-16.877235,-15.000000,-18.133017
1.378000,-17.090601,-15.000000,-18.283452
1.380000,-17.303967,-15.000000,-18.699921
1.382000,-17.517333,-15.000000,-18.000000
1.384000,-17.730699,-15.000000,-18.000000
1.386000,-17.944065,-15.000000,-17.947743
1.388000,-18.031506,-15.000000,-17.000000
1.390000,-17.820168,-15.000000,-16.780681
1.392000,-17.608829,-15.000000,-16.000000
1.394000,-17.397491,-15.000000,-16.000000
1.396000,-17.186153,-15.000000,-16.000000
1.398000,-16.974814,-15.000000,-15.000000
1.400000,-16.763476,-15.000000,-15.000000
1.402000,-16.552137,-15.000000,-15.000000
1.404000,-16.340799,-15.000000,-15.000000
1.406000,-16.129460,-16.000000,-14.609660
1.408000,-15.993603,-16.000000,-14.973101
1.410000,-16.086624,-16.000000,-14.000000
1.412000,-16.179645,-16.000000,-14.000000
1.414000,-16.272665,-16.000000,-14.000000
1.416000,-16.365686,-16.000000,-13.000000
1.418000,-16.458707,-16.000000,-13.000000
1.420000,-16.551728,-16.000000,-13.000000
1.422000,-16.644748,-16.000000,-13.000000
1.424000,-16.737769,-16.000000,-13.000000
1.426000,-16.830790,-17.228029,-13.000000
1.428000,-16.655050,-18.000000,-13.811560
1.430000,-15.520855,-18.000000,-13.605055
1.432000,-14.386661,-18.000000,-13.978588
1.434000,-13.252466,-18.000000,-14.000000
1.436000,-12.118271,-18.000000,-15.000000
1.438000,-10.984076,-18.000000,-15.229612
1.440000,-9.849881,-18.000000,-16.000000
1.442000,-8.715686,-18.000000,-16.397466
1.444000,-7.581491,-18.000000,-17.000000
1.446000,-6.447296,-17.435127,-18.000000
1.448000,-5.541157,-16.851148,-18.000000
1.450000,-5.620022,-16.000000,-18.000000
1.452000,-5.698887,-16.000000,-19.000000
1.454000,-5.777752,-16.000000,-19.000000
1.456000,-5.856617,-16.000000,-19.000000
1.458000,-5.935482,-16.000000,-18.000000
1.460000,-6.014347,-16.000000,-18.000000
1.462000,-6.093212,-16.000000,-18.764846
1.464000,-6.172077,-12.360436,-18.000000
1.466000,-6.250942,-5.320662,-18.000000
1.468000,-6.329465,1.719113,-18.000000
1.470000,-6.406154,6.071259,-18.000000
1.472000,-6.482842,7.000000,-17.345728
1.474000,-6.559530,8.000000,-15.761867
1.476000,-6.636219,8.821061,-14.178939
1.478000,-6.712907,9.000000,-12.593824
1.480000,-6.789596,9.000000,-11.010293
1.482000,-6.866284,9.000000,-7.852615
1.484000,-6.942973,9.000000,-4.843106
1.486000,-7.019661,9.741093,-4.000000
1.488000,-7.096349,10.000000,-2.675119
1.490000,-6.355068,10.908947,-1.091053
1.492000,-5.204496,11.000000,0.491686
1.494000,-4.053923,12.000000,2.076010
1.496000,-2.903350,12.000000,4.320127
1.498000,-1.752777,12.000000,6.730435
1.500000,-0.602205,12.000000,9.000000
1.502000,0.548368,12.000000,9.910530
1.504000,1.698941,12.000000,10.494462
1.506000,2.849513,12.000000,12.078323
1.508000,4.000086,12.661648,13.000000
1.510000,4.594850,13.000000,13.000000
1.512000,4.872882,13.000000,13.000000
1.514000,5.150914,14.000000,14.413302
1.516000,5.428946,14.000000,15.996833
1.518000,5.706977,14.000000,16.000000
1.520000,5.985009,14.000000,16.000000
1.522000,6.263041,14.000000,16.748219
1.524000,6.541073,14.000000,17.331750
1.526000,6.819105,14.000000,18.000000
1.528000,7.097136,14.000000,18.500396
1.530000,7.228509,14.000000,18.000000
1.532000,6.592779,14.000000,18.000000
1.534000,5.957049,14.000000,19.000000
1.536000,5.321318,14.000000,19.000000
1.538000,4.685588,13.081552,18.081552
1.540000,4.049858,13.000000,18.000000
1.542000,3.414128,13.000000,19.000000
1.544000,2.778397,13.000000,19.000000
1.546000,2.142667,13.000000,18.745642
1.548000,1.506937,13.000000,17.162846
1.550000,1.078829,13.000000,17.000000
1.552000,2.110747,13.000000,17.000000
1.554000,3.142666,13.000000,15.820919
1.556000,4.174585,13.172742,14.827258
1.558000,5.206503,14.000000,14.000000
1.560000,6.238422,14.000000,14.340729
1.562000,7.270341,14.924782,15.000000
1.564000,8.302259,15.000000,15.000000
1.566000,9.334178,15.000000,15.000000
1.568000,10.366096,15.000000,15.174980
1.570000,11.308040,15.000000,15.241489
1.572000,11.275162,15.000000,15.000000
1.574000,11.242284,15.000000,14.073634
1.576000,11.209406,15.000000,14.000000
1.578000,11.176528,15.000000,14.000000
1.580000,11.143650,15.000000,13.322249
1.582000,11.110772,15.000000,13.260697
1.584000,11.077894,14.155186,14.000000
1.586000,11.045016,14.000000,14.429137
1.588000,11.012138,15.000000,16.000000
1.590000,10.930043,15.000000,16.000000
1.592000,10.010363,15.000000,16.000000
1.594000,9.090683,15.000000,16.764054
1.596000,8.171003,15.000000,16.000000
1.598000,7.251323,15.000000,16.000000
1.600000,6.331643,15.000000,15.000000
1.602000,5.411963,15.000000,15.000000
1.604000,4.492283,15.000000,14.816456
1.606000,3.572603,15.000000,14.000000
1.608000,2.652924,15.000000,14.351266
1.610000,1.757133,15.935024,15.000000
1.612000,1.722238,16.000000,15.000000
1.614000,1.687344,16.000000,15.102848
1.616000,1.652449,16.000000,16.000000
1.618000,1.617554,17.000000,17.000000
1.620000,1.582660,17.000000,17.000000
1.622000,1.547765,16.000000,16.000000
1.624000,1.512871,16.000000,17.000000
1.626000,1.477976,16.000000,17.000000
1.628000,1.443081,16.187946,16.000000
1.630000,1.408187,17.000000,15.728424
1.632000,2.552984,17.000000,15.855784
1.634000,3.700146,18.000000,17.000000
1.636000,4.847308,18.000000,17.000000
1.638000,5.994470,18.000000,17.606973
1.640000,7.141632,18.000000,17.190665
1.642000,8.288793,18.000000,18.000000
1.644000,9.435955,18.000000,18.641838
1.646000,10.583117,18.000000,18.000000
1.648000,11.730279,17.000000,17.474268
1.650000,12.877441,16.890823,17.000000
1.652000,12.905526,16.000000,17.000000
1.654000,12.895422,15.723101,17.000000
1.656000,12.885317,15.000000,17.860539
1.658000,12.875213,15.000000,18.000000
1.660000,12.865108,15.000000,18.028504
1.662000,12.855004,15.000000,18.000000
1.664000,12.844899,15.000000,17.303727
1.666000,12.834795,14.000000,17.000000
1.668000,12.824690,14.000000,16.135392
1.670000,12.814586,13.552298,16.447702
1.670804,12.810524,13.000000,17.000000
